air_temperature,process_temperature,rotational_speed,torque,tool_wear,type,machine_id
298.1,308.6,1551,42.8,24,M,CNC-MILL-01
298.2,308.7,1408,46.3,31,L,CNC-MILL-02
298.4,308.8,1498,49.4,45,M,LATHE-PRIME-03
300.2,310.1,1380,54.2,216,L,LATHE-TWF-04
302.5,311.8,2820,68.5,145,H,MILL-PWF-05
301.2,310.5,1410,49.0,188,M,DRILL-EDGE-06
298.9,309.2,1640,35.5,50,L,PRESS-NORM-07
303.4,312.0,1350,60.2,205,L,PRESS-OSF-08
304.5,313.2,1250,55.0,85,L,CNC-HDF-09
298.5,309.1,1100,75.5,110,M,LATHE-PWF-10
301.2,310.8,1300,72.0,220,H,DRILL-OSF-11
299.8,309.5,1520,38.2,12,H,MILL-NORM-12
300.5,310.2,1450,45.2,245,L,LATHE-TWF-13
302.1,311.5,1380,65.2,210,L,MILL-OSF-14
304.8,312.8,1280,62.0,95,M,PRESS-HDF-15
297.9,308.2,1580,41.0,65,L,PUMP-NORM-16
298.3,308.5,1420,44.5,190,M,CNC-EDGE-17
303.8,313.1,2890,71.2,130,H,TURBINE-PWF-18
299.1,309.4,1510,40.1,38,M,ROBOT-NORM-19
301.9,311.2,1320,68.4,228,L,PRESS-OSF-20
304.2,312.6,1220,58.8,102,L,LATHE-HDF-21
298.7,309.0,1540,42.0,78,H,CNC-NORM-22
300.9,310.4,1440,51.5,235,M,MILL-TWF-23
299.5,309.8,1505,39.8,15,L,ROBOT-NORM-24
